"0","ttseq_dds_c1_removed.GR <- DESeqDataSetFromMatrix(countData = bowtie_ttseq_C1_removed,"
"0","                                    colData = ttseq_description_C1_removed,"
"0","                                    design = ~ Replicate + Genotype)"
"2","G2;H2;Warningh in DESeqDataSet(se, design = design, ignoreRank) :
  some variables in design formula are characters, converting to factorsg
"
"2","G3;factor levels were dropped which had no samples
g"
"0","ttseq_dds_c1_removed.GR <- estimateSizeFactors(ttseq_dds_c1_removed.GR, controlGenes = grepl(""Droso_"", rownames(bowtie_ttseq_C1_removed)))"
"0","ttseq_dds_c1_removed.GR <- DESeq(ttseq_dds_c1_removed.GR[grepl(""^ENS"", rownames(bowtie_ttseq_C1_removed))])"
"2","G3;using pre-existing size factors
g"
"2","G3;estimating dispersions
g"
"2","G3;gene-wise dispersion estimates
g"
"2","G3;mean-dispersion relationship
g"
"2","G3;final dispersion estimates
g"
"2","G3;fitting model and testing
g"
"0","TtResC1Removed.GR <- results(ttseq_dds_c1_removed.GR, name=""Genotype_WT_vs_LOW"", contrast=c(""Genotype"",""LOW"",""WT""))"
"0","TtResNoNaC1Removed.GR <- TtResC1Removed.GR[!is.na(TtResC1Removed.GR$padj) & !is.na(TtResC1Removed.GR$log2FoldChange), ]"
"0","TtResNoNaC1Removed.GR$significant <- ""Not Significant"""
"0","TtResNoNaC1Removed.GR$significant[TtResNoNaC1Removed.GR$padj < padj_threeshold] <- ""Significant"""
"0",""
