"0","library(limma)"
"0","library(tximport)"
"0","library(readr)"
"0","library(tximportData)"
"0","library(DESeq2)"
"2","G3;Loading required package: S4Vectors
g"
"2","G3;Loading required package: stats4
g"
"2","G3;Loading required package: BiocGenerics
g"
"2","G3;
Attaching package: â€˜BiocGenericsâ€™

g"
"2","G3;The following object is masked from â€˜package:limmaâ€™:

    plotMA

g"
"2","G3;The following objects are masked from â€˜package:statsâ€™:

    IQR, mad, sd, var, xtabs

g"
"2","G3;The following objects are masked from â€˜package:baseâ€™:

    anyDuplicated, aperm, append, as.data.frame, basename, cbind, colnames, dirname, do.call, duplicated, eval, evalq, Filter, Find, get,
    grep, grepl, intersect, is.unsorted, lapply, Map, mapply, match, mget, order, paste, pmax, pmax.int, pmin, pmin.int, Position, rank,
    rbind, Reduce, rownames, sapply, saveRDS, setdiff, table, tapply, union, unique, unsplit, which.max, which.min

g"
"2","G3;
Attaching package: â€˜S4Vectorsâ€™

g"
"2","G3;The following object is masked from â€˜package:utilsâ€™:

    findMatches

g"
"2","G3;The following objects are masked from â€˜package:baseâ€™:

    expand.grid, I, unname

g"
"2","G3;Loading required package: IRanges
g"
"2","G3;Loading required package: GenomicRanges
g"
"2","G3;Loading required package: GenomeInfoDb
g"
"2","G3;Loading required package: SummarizedExperiment
g"
"2","G3;Loading required package: MatrixGenerics
g"
"2","G3;Loading required package: matrixStats
g"
"2","G3;
Attaching package: â€˜MatrixGenericsâ€™

g"
"2","G3;The following objects are masked from â€˜package:matrixStatsâ€™:

    colAlls, colAnyNAs, colAnys, colAvgsPerRowSet, colCollapse, colCounts, colCummaxs, colCummins, colCumprods, colCumsums, colDiffs,
    colIQRDiffs, colIQRs, colLogSumExps, colMadDiffs, colMads, colMaxs, colMeans2, colMedians, colMins, colOrderStats, colProds,
    colQuantiles, colRanges, colRanks, colSdDiffs, colSds, colSums2, colTabulates, colVarDiffs, colVars, colWeightedMads,
    colWeightedMeans, colWeightedMedians, colWeightedSds, colWeightedVars, rowAlls, rowAnyNAs, rowAnys, rowAvgsPerColSet, rowCollapse,
    rowCounts, rowCummaxs, rowCummins, rowCumprods, rowCumsums, rowDiffs, rowIQRDiffs, rowIQRs, rowLogSumExps, rowMadDiffs, rowMads,
    rowMaxs, rowMeans2, rowMedians, rowMins, rowOrderStats, rowProds, rowQuantiles, rowRanges, rowRanks, rowSdDiffs, rowSds, rowSums2,
    rowTabulates, rowVarDiffs, rowVars, rowWeightedMads, rowWeightedMeans, rowWeightedMedians, rowWeightedSds, rowWeightedVars

g"
"2","G3;Loading required package: Biobase
g"
"2","G3;Welcome to Bioconductor

    Vignettes contain introductory material; view with 'browseVignettes()'. To cite Bioconductor, see 'citation(""Biobase"")', and for
    packages 'citation(""pkgname"")'.

g"
"2","G3;
Attaching package: â€˜Biobaseâ€™

g"
"2","G3;The following object is masked from â€˜package:MatrixGenericsâ€™:

    rowMedians

g"
"2","G3;The following objects are masked from â€˜package:matrixStatsâ€™:

    anyMissing, rowMedians

g"
"0","library(ggplot2)"
"0","library(GenomicRanges)"
"0","library(dplyr)"
"2","G3;
Attaching package: â€˜dplyrâ€™

g"
"2","G3;The following object is masked from â€˜package:Biobaseâ€™:

    combine

g"
"2","G3;The following object is masked from â€˜package:matrixStatsâ€™:

    count

g"
"2","G3;The following objects are masked from â€˜package:GenomicRangesâ€™:

    intersect, setdiff, union

g"
"2","G3;The following object is masked from â€˜package:GenomeInfoDbâ€™:

    intersect

g"
"2","G3;The following objects are masked from â€˜package:IRangesâ€™:

    collapse, desc, intersect, setdiff, slice, union

g"
"2","G3;The following objects are masked from â€˜package:S4Vectorsâ€™:

    first, intersect, rename, setdiff, setequal, union

g"
"2","G3;The following objects are masked from â€˜package:BiocGenericsâ€™:

    combine, intersect, setdiff, union

g"
"2","G3;The following objects are masked from â€˜package:statsâ€™:

    filter, lag

g"
"2","G3;The following objects are masked from â€˜package:baseâ€™:

    intersect, setdiff, setequal, union

g"
"0","library(txdbmaker)"
"2","G3;Loading required package: GenomicFeatures
g"
"2","G3;Loading required package: AnnotationDbi
g"
"2","G3;
Attaching package: â€˜AnnotationDbiâ€™

g"
"2","G3;The following object is masked from â€˜package:dplyrâ€™:

    select

g"
"2","G3;Registered S3 methods overwritten by 'dbplyr':
  method         from
  print.tbl_lazy     
  print.tbl_sql      
g"
"2","G3;
Attaching package: â€˜txdbmakerâ€™

g"
"2","G3;The following objects are masked from â€˜package:GenomicFeaturesâ€™:

    browseUCSCtrack, getChromInfoFromBiomart, makeFDbPackageFromUCSC, makeFeatureDbFromUCSC, makePackageName, makeTxDb,
    makeTxDbFromBiomart, makeTxDbFromEnsembl, makeTxDbFromGFF, makeTxDbFromGRanges, makeTxDbFromUCSC, makeTxDbPackage,
    makeTxDbPackageFromBiomart, makeTxDbPackageFromUCSC, supportedMiRBaseBuildValues, supportedUCSCFeatureDbTables,
    supportedUCSCFeatureDbTracks, supportedUCSCtables, UCSCFeatureDbTableSchema

g"
"0","library(viridis)"
"2","G3;Loading required package: viridisLite
g"
"0","library(patchwork)"
"0","library(tidyverse)"
"2","â”€â”€ [1mAttaching core tidyverse packages[22m â”€â”€â”€â”€â”€â”€â”€â”€â”€â”€â”€â”€â”€â”€â”€â”€â”€â”€â”€â”€â”€â”€â”€â”€â”€â”€â”€â”€â”€â”€â”€â”€â”€â”€â”€â”€â”€â”€â”€â”€â”€â”€â”€â”€â”€â”€â”€â”€â”€â”€â”€â”€â”€â”€â”€â”€â”€â”€â”€â”€â”€â”€â”€â”€â”€â”€â”€â”€â”€â”€â”€â”€â”€â”€â”€â”€â”€â”€â”€â”€â”€â”€â”€â”€â”€â”€â”€â”€â”€â”€â”€â”€â”€â”€â”€â”€â”€â”€â”€ tidyverse 2.0.0 â”€â”€
[32mâœ”[39m [34mforcats  [39m 1.0.0     [32mâœ”[39m [34mstringr  [39m 1.5.1
[32mâœ”[39m [34mlubridate[39m 1.9.4     [32mâœ”[39m [34mtibble   [39m 3.3.0
[32mâœ”[39m [34mpurrr    [39m 1.0.4     [32mâœ”[39m [34mtidyr    [39m 1.3.1
"
"2","â”€â”€ [1mConflicts[22m â”€â”€â”€â”€â”€â”€â”€â”€â”€â”€â”€â”€â”€â”€â”€â”€â”€â”€â”€â”€â”€â”€â”€â”€â”€â”€â”€â”€â”€â”€â”€â”€â”€â”€â”€â”€â”€â”€â”€â”€â”€â”€â”€â”€â”€â”€â”€â”€â”€â”€â”€â”€â”€â”€â”€â”€â”€â”€â”€â”€â”€â”€â”€â”€â”€â”€â”€â”€â”€â”€â”€â”€â”€â”€â”€â”€â”€â”€â”€â”€â”€â”€â”€â”€â”€â”€â”€â”€â”€â”€â”€â”€â”€â”€â”€â”€â”€â”€â”€â”€â”€â”€â”€â”€â”€â”€â”€â”€â”€â”€â”€â”€â”€â”€â”€â”€â”€ tidyverse_conflicts() â”€â”€
[31mâœ–[39m [34mlubridate[39m::[32m%within%()[39m   masks [34mIRanges[39m::%within%()
[31mâœ–[39m [34mdplyr[39m::[32mcollapse()[39m       masks [34mIRanges[39m::collapse()
[31mâœ–[39m [34mdplyr[39m::[32mcombine()[39m        masks [34mBiobase[39m::combine(), [34mBiocGenerics[39m::combine()
[31mâœ–[39m [34mdplyr[39m::[32mcount()[39m          masks [34mmatrixStats[39m::count()
[31mâœ–[39m [34mdplyr[39m::[32mdesc()[39m           masks [34mIRanges[39m::desc()
[31mâœ–[39m [34mtidyr[39m::[32mexpand()[39m         masks [34mS4Vectors[39m::expand()
[31mâœ–[39m [34mdplyr[39m::[32mfilter()[39m         masks [34mstats[39m::filter()
[31mâœ–[39m [34mdplyr[39m::[32mfirst()[39m          masks [34mS4Vectors[39m::first()
[31mâœ–[39m [34mdplyr[39m::[32mlag()[39m            masks [34mstats[39m::lag()
[31mâœ–[39m [34mggplot2[39m::[32mPosition()[39m     masks [34mBiocGenerics[39m::Position(), [34mbase[39m::Position()
[31mâœ–[39m [34mpurrr[39m::[32mreduce()[39m         masks [34mGenomicRanges[39m::reduce(), [34mIRanges[39m::reduce()
[31mâœ–[39m [34mdplyr[39m::[32mrename()[39m         masks [34mS4Vectors[39m::rename()
[31mâœ–[39m [34mlubridate[39m::[32msecond()[39m     masks [34mS4Vectors[39m::second()
[31mâœ–[39m [34mlubridate[39m::[32msecond<-()[39m   masks [34mS4Vectors[39m::second<-()
[31mâœ–[39m [34mAnnotationDbi[39m::[32mselect()[39m masks [34mdplyr[39m::select()
[31mâœ–[39m [34mdplyr[39m::[32mslice()[39m          masks [34mIRanges[39m::slice()
[36mâ„¹[39m Use the ]8;;http://conflicted.r-lib.org/conflicted package]8;; to force all conflicts to become errors
"
"0","library(RColorBrewer)"
"0","library(rtracklayer)"
"0","library(reshape2)"
"2","G3;
Attaching package: â€˜reshape2â€™

g"
"2","G3;The following object is masked from â€˜package:tidyrâ€™:

    smiths

g"
"0","library(ggrepel)"
"0","library(pheatmap)"
"0","library(karyoploteR)"
"2","G3;Loading required package: regioneR
g"
"2","G3;Registered S3 methods overwritten by 'htmltools':
  method               from         
  print.html           tools:rstudio
  print.shiny.tag      tools:rstudio
  print.shiny.tag.list tools:rstudio
g"
"2","G3;Registered S3 method overwritten by 'htmlwidgets':
  method           from         
  print.htmlwidget tools:rstudio
g"
"2","G3;Registered S3 method overwritten by 'rmarkdown':
  method         from
  print.paged_df     
g"
"2","G3;Registered S3 method overwritten by 'data.table':
  method           from
  print.data.table     
g"
